{"cameraMode":{"drawMode":0,"name":"Shaded","section":"Shading Mode"},"sceneLighting":false,"audioPlay":false,"sceneViewState":{"m_AlwaysRefresh":false,"showFog":true,"showSkybox":false,"showFlares":true,"showImageEffects":true,"showParticleSystems":true,"showVisualEffectGraphs":true,"m_FxEnabled":true},"in2DMode":false,"pivot":{"x":103.71499633789063,"y":0.6299998760223389,"z":135.12039184570313},"rotation":{"x":0.396603524684906,"y":0.031637586653232577,"z":-0.013648882508277893,"w":0.9175202250480652},"size":5.761922836303711,"orthographic":false}