{"cameraMode":{"drawMode":0,"name":"Shaded","section":"Shading Mode"},"sceneLighting":true,"audioPlay":false,"sceneViewState":{"m_AlwaysRefresh":false,"showFog":true,"showSkybox":false,"showFlares":true,"showImageEffects":true,"showParticleSystems":true,"showVisualEffectGraphs":true,"m_FxEnabled":true},"in2DMode":false,"pivot":{"x":11.45206356048584,"y":-12.924481391906739,"z":57.32940673828125},"rotation":{"x":-0.12171415239572525,"y":-0.07965483516454697,"z":0.009797749109566212,"w":-0.9893460273742676},"size":36.30277633666992,"orthographic":false}