{"cameraMode":{"drawMode":0,"name":"Shaded","section":"Shading Mode"},"sceneLighting":true,"audioPlay":false,"sceneViewState":{"m_AlwaysRefresh":false,"showFog":true,"showSkybox":false,"showFlares":true,"showImageEffects":true,"showParticleSystems":true,"showVisualEffectGraphs":true,"m_FxEnabled":true},"in2DMode":false,"pivot":{"x":1.1529998779296876,"y":1.6800003051757813,"z":1.2299995422363282},"rotation":{"x":0.0167550016194582,"y":-0.36683133244514468,"z":0.006603533402085304,"w":0.9301408529281616},"size":0.7925265431404114,"orthographic":false}