{"cameraMode":{"drawMode":0,"name":"Shaded","section":"Shading Mode"},"sceneLighting":true,"audioPlay":false,"sceneViewState":{"m_AlwaysRefresh":false,"showFog":true,"showSkybox":true,"showFlares":true,"showImageEffects":true,"showParticleSystems":true,"showVisualEffectGraphs":true,"m_FxEnabled":true},"in2DMode":false,"pivot":{"x":35.259193420410159,"y":11.774221420288086,"z":-31.62162208557129},"rotation":{"x":-0.08307188004255295,"y":0.6874672770500183,"z":-0.07501952350139618,"w":-0.7177807092666626},"size":1.2247449159622193,"orthographic":false}