{"cameraMode":{"drawMode":0,"name":"Shaded","section":"Shading Mode"},"sceneLighting":true,"audioPlay":false,"sceneViewState":{"m_AlwaysRefresh":false,"showFog":true,"showSkybox":true,"showFlares":true,"showImageEffects":true,"showParticleSystems":true,"showVisualEffectGraphs":true,"m_FxEnabled":true},"in2DMode":false,"pivot":{"x":-2.0362696647644045,"y":1.557255744934082,"z":18.52909278869629},"rotation":{"x":0.10605809092521668,"y":-0.0038586382288485767,"z":0.00040035013807937503,"w":0.9948426485061646},"size":3.522383451461792,"orthographic":false}