{"cameraMode":{"drawMode":0,"name":"Shaded","section":"Shading Mode"},"sceneLighting":true,"audioPlay":false,"sceneViewState":{"m_AlwaysRefresh":false,"showFog":true,"showSkybox":true,"showFlares":true,"showImageEffects":true,"showParticleSystems":true,"showVisualEffectGraphs":true,"m_FxEnabled":true},"in2DMode":false,"pivot":{"x":-26.989627838134767,"y":23.329065322875978,"z":14.977567672729493},"rotation":{"x":0.07513561844825745,"y":0.9099934697151184,"z":-0.3621821701526642,"w":0.18750448524951936},"size":4.536710262298584,"orthographic":false}