{"cameraMode":{"drawMode":0,"name":"Shaded","section":"Shading Mode"},"sceneLighting":true,"audioPlay":false,"sceneViewState":{"m_AlwaysRefresh":false,"showFog":true,"showSkybox":true,"showFlares":true,"showImageEffects":true,"showParticleSystems":true,"showVisualEffectGraphs":true,"m_FxEnabled":true},"in2DMode":false,"pivot":{"x":35.10608673095703,"y":-0.3025428056716919,"z":99.97786712646485},"rotation":{"x":0.24556997418403626,"y":-0.18431329727172852,"z":0.05096029117703438,"w":0.9503960013389587},"size":12.12435531616211,"orthographic":false}