{"cameraMode":{"drawMode":0,"name":"Shaded","section":"Shading Mode"},"sceneLighting":true,"audioPlay":false,"sceneViewState":{"m_AlwaysRefresh":false,"showFog":true,"showSkybox":true,"showFlares":true,"showImageEffects":true,"showParticleSystems":true,"showVisualEffectGraphs":true,"m_FxEnabled":true},"in2DMode":false,"pivot":{"x":-5.370134353637695,"y":5.604571342468262,"z":-25.334102630615236},"rotation":{"x":0.0011646520579233766,"y":-0.9978222846984863,"z":0.017074288800358774,"w":0.0679292380809784},"size":30.368871688842775,"orthographic":false}