{"cameraMode":{"drawMode":0,"name":"Shaded","section":"Shading Mode"},"sceneLighting":true,"audioPlay":false,"sceneViewState":{"m_AlwaysRefresh":false,"showFog":true,"showSkybox":true,"showFlares":true,"showImageEffects":true,"showParticleSystems":true,"showVisualEffectGraphs":true,"m_FxEnabled":true},"in2DMode":false,"pivot":{"x":19.32876968383789,"y":10.202842712402344,"z":-29.13955307006836},"rotation":{"x":0.1071966290473938,"y":0.03680415078997612,"z":-0.0063406191766262058,"w":0.9941423535346985},"size":6.196551322937012,"orthographic":false}