{"cameraMode":{"drawMode":0,"name":"Shaded","section":"Shading Mode"},"sceneLighting":true,"audioPlay":false,"sceneViewState":{"m_AlwaysRefresh":false,"showFog":true,"showSkybox":true,"showFlares":true,"showImageEffects":true,"showParticleSystems":true,"showVisualEffectGraphs":true,"m_FxEnabled":true},"in2DMode":false,"pivot":{"x":35.68670654296875,"y":6.3387298583984379,"z":9.693072319030762},"rotation":{"x":0.22389918565750123,"y":0.026142431423068048,"z":-0.005660751834511757,"w":0.9745901823043823},"size":0.8660253882408142,"orthographic":false}