{"cameraMode":{"drawMode":0,"name":"Shaded","section":"Shading Mode"},"sceneLighting":true,"audioPlay":false,"sceneViewState":{"m_AlwaysRefresh":false,"showFog":true,"showSkybox":true,"showFlares":true,"showImageEffects":true,"showParticleSystems":true,"showVisualEffectGraphs":true,"m_FxEnabled":true},"in2DMode":false,"pivot":{"x":-17.63658905029297,"y":10.470086097717286,"z":1.2256526947021485},"rotation":{"x":0.12958355247974397,"y":0.3368951678276062,"z":-0.04755328223109245,"w":0.9320307970046997},"size":6.158884525299072,"orthographic":false}