{"cameraMode":{"drawMode":0,"name":"Shaded","section":"Shading Mode"},"sceneLighting":true,"audioPlay":false,"sceneViewState":{"m_AlwaysRefresh":false,"showFog":true,"showSkybox":true,"showFlares":true,"showImageEffects":true,"showParticleSystems":true,"showVisualEffectGraphs":true,"m_FxEnabled":true},"in2DMode":false,"pivot":{"x":-3.509999990463257,"y":1.7699999809265137,"z":-4.389999866485596},"rotation":{"x":0.17791497707366944,"y":0.0009766101138666273,"z":-0.00042273677536286414,"w":0.984369158744812},"size":1.0933654308319092,"orthographic":false}