{"cameraMode":{"drawMode":0,"name":"Shaded","section":"Shading Mode"},"sceneLighting":true,"audioPlay":false,"sceneViewState":{"m_AlwaysRefresh":false,"showFog":true,"showSkybox":true,"showFlares":true,"showImageEffects":true,"showParticleSystems":true,"showVisualEffectGraphs":true,"m_FxEnabled":true},"in2DMode":false,"pivot":{"x":201.89576721191407,"y":3.7756412029266359,"z":136.2040557861328},"rotation":{"x":0.12126799672842026,"y":0.7540590763092041,"z":-0.14463071525096894,"w":0.629108190536499},"size":1.2282028198242188,"orthographic":false}