{"cameraMode":{"drawMode":0,"name":"Shaded","section":"Shading Mode"},"sceneLighting":true,"audioPlay":false,"sceneViewState":{"m_AlwaysRefresh":false,"showFog":true,"showSkybox":true,"showFlares":true,"showImageEffects":true,"showParticleSystems":true,"showVisualEffectGraphs":true,"m_FxEnabled":true},"in2DMode":false,"pivot":{"x":28.545040130615236,"y":-1.7874374389648438,"z":1.6123634576797486},"rotation":{"x":0.19322733581066132,"y":0.701130747795105,"z":-0.20702162384986878,"w":0.6544138789176941},"size":16.75257110595703,"orthographic":false}