{"cameraMode":{"drawMode":0,"name":"Shaded","section":"Shading Mode"},"sceneLighting":true,"audioPlay":false,"sceneViewState":{"m_AlwaysRefresh":false,"showFog":true,"showSkybox":true,"showFlares":true,"showImageEffects":true,"showParticleSystems":true,"showVisualEffectGraphs":true,"m_FxEnabled":true},"in2DMode":false,"pivot":{"x":-2.0515365600585939,"y":12.941387176513672,"z":108.61017608642578},"rotation":{"x":0.03111301362514496,"y":-0.08939611166715622,"z":-0.0009087692596949637,"w":-0.9967851638793945},"size":70.35970306396485,"orthographic":false}