{"cameraMode":{"drawMode":0,"name":"Shaded","section":"Shading Mode"},"sceneLighting":true,"audioPlay":false,"sceneViewState":{"m_AlwaysRefresh":false,"showFog":true,"showSkybox":true,"showFlares":true,"showImageEffects":true,"showParticleSystems":true,"showVisualEffectGraphs":true,"m_FxEnabled":true},"in2DMode":false,"pivot":{"x":7.350305557250977,"y":2.7651467323303224,"z":24.499961853027345},"rotation":{"x":0.15367844700813294,"y":-0.08056795597076416,"z":0.0019224477000534535,"w":0.9858637452125549},"size":6.352248191833496,"orthographic":false}