{"cameraMode":{"drawMode":0,"name":"Shaded","section":"Shading Mode"},"sceneLighting":true,"audioPlay":false,"sceneViewState":{"m_AlwaysRefresh":false,"showFog":true,"showSkybox":true,"showFlares":true,"showImageEffects":true,"showParticleSystems":true,"showVisualEffectGraphs":true,"m_FxEnabled":true},"in2DMode":false,"pivot":{"x":-14.822470664978028,"y":-2.942138195037842,"z":124.5828857421875},"rotation":{"x":0.12614023685455323,"y":-0.047018520534038547,"z":0.0018894507084041834,"w":0.9910300374031067},"size":15.890806198120118,"orthographic":false}