{"cameraMode":{"drawMode":0,"name":"Shaded","section":"Shading Mode"},"sceneLighting":true,"audioPlay":false,"sceneViewState":{"m_AlwaysRefresh":false,"showFog":true,"showSkybox":true,"showFlares":true,"showImageEffects":true,"showParticleSystems":true,"showVisualEffectGraphs":true,"m_FxEnabled":true},"in2DMode":false,"pivot":{"x":68.44133758544922,"y":31.845985412597658,"z":3.1436331272125246},"rotation":{"x":-0.12734216451644898,"y":0.7807953357696533,"z":-0.16923609375953675,"w":-0.5886099934577942},"size":0.9049965143203735,"orthographic":false}