{"cameraMode":{"drawMode":0,"name":"Shaded","section":"Shading Mode"},"sceneLighting":false,"audioPlay":false,"sceneViewState":{"m_AlwaysRefresh":false,"showFog":true,"showSkybox":false,"showFlares":true,"showImageEffects":true,"showParticleSystems":true,"showVisualEffectGraphs":true,"m_FxEnabled":true},"in2DMode":false,"pivot":{"x":-2.581462860107422,"y":-2.2582545280456545,"z":-6.601065158843994},"rotation":{"x":0.005087715573608875,"y":0.9871837496757507,"z":-0.03170284256339073,"w":0.15721654891967774},"size":1.7362416982650757,"orthographic":false}