{"cameraMode":{"drawMode":0,"name":"Shaded","section":"Shading Mode"},"sceneLighting":false,"audioPlay":false,"sceneViewState":{"m_AlwaysRefresh":false,"showFog":true,"showSkybox":false,"showFlares":true,"showImageEffects":true,"showParticleSystems":true,"showVisualEffectGraphs":true,"m_FxEnabled":true},"in2DMode":false,"pivot":{"x":0.6001116037368774,"y":0.6189299821853638,"z":0.2486938238143921},"rotation":{"x":0.1891784369945526,"y":-0.35051465034484866,"z":0.07251935452222824,"w":0.9144020080566406},"size":1.145643949508667,"orthographic":false}