{"cameraMode":{"drawMode":0,"name":"Shaded","section":"Shading Mode"},"sceneLighting":false,"audioPlay":false,"sceneViewState":{"m_AlwaysRefresh":false,"showFog":true,"showSkybox":false,"showFlares":true,"showImageEffects":true,"showParticleSystems":true,"showVisualEffectGraphs":true,"m_FxEnabled":true},"in2DMode":false,"pivot":{"x":0.023109912872314454,"y":0.22714507579803468,"z":0.01023179292678833},"rotation":{"x":-0.07405789941549301,"y":-0.920890748500824,"z":0.23852743208408357,"w":-0.30192145705223086},"size":0.5776221752166748,"orthographic":false}