{"cameraMode":{"drawMode":0,"name":"Shaded","section":"Shading Mode"},"sceneLighting":false,"audioPlay":false,"sceneViewState":{"m_AlwaysRefresh":false,"showFog":true,"showSkybox":false,"showFlares":true,"showImageEffects":true,"showParticleSystems":true,"showVisualEffectGraphs":true,"m_FxEnabled":true},"in2DMode":false,"pivot":{"x":-10.397979736328125,"y":-16.798128128051759,"z":11.818305015563965},"rotation":{"x":-0.48038870096206667,"y":0.5215558409690857,"z":-0.5278983116149902,"w":-0.46883219480514529},"size":12.960366249084473,"orthographic":false}