{"cameraMode":{"drawMode":0,"name":"Shaded","section":"Shading Mode"},"sceneLighting":false,"audioPlay":false,"sceneViewState":{"m_AlwaysRefresh":false,"showFog":true,"showSkybox":false,"showFlares":true,"showImageEffects":true,"showParticleSystems":true,"showVisualEffectGraphs":true,"m_FxEnabled":true},"in2DMode":false,"pivot":{"x":-0.021544575691223146,"y":0.12665653228759767,"z":-0.02363300323486328},"rotation":{"x":-0.07405789941549301,"y":-0.920890748500824,"z":0.23852743208408357,"w":-0.30192145705223086},"size":0.5048632621765137,"orthographic":false}