{"cameraMode":{"drawMode":0,"name":"Shaded","section":"Shading Mode"},"sceneLighting":false,"audioPlay":false,"sceneViewState":{"m_AlwaysRefresh":false,"showFog":true,"showSkybox":false,"showFlares":true,"showImageEffects":true,"showParticleSystems":true,"showVisualEffectGraphs":true,"m_FxEnabled":true},"in2DMode":false,"pivot":{"x":0.015737682580947877,"y":0.14097723364830018,"z":-0.01307213306427002},"rotation":{"x":-0.07405789941549301,"y":-0.920890748500824,"z":0.23852743208408357,"w":-0.30192145705223086},"size":0.25672852993011477,"orthographic":false}