{"cameraMode":{"drawMode":0,"name":"Shaded","section":"Shading Mode"},"sceneLighting":false,"audioPlay":false,"sceneViewState":{"m_AlwaysRefresh":false,"showFog":true,"showSkybox":false,"showFlares":true,"showImageEffects":true,"showParticleSystems":true,"showVisualEffectGraphs":true,"m_FxEnabled":true},"in2DMode":false,"pivot":{"x":-0.01658850908279419,"y":-1.8052089214324952,"z":-0.9783917665481567},"rotation":{"x":-0.08094499260187149,"y":0.2231006920337677,"z":-0.018492557108402253,"w":-0.9714750051498413},"size":1.4800264835357667,"orthographic":false}