{"cameraMode":{"drawMode":0,"name":"Shaded","section":"Shading Mode"},"sceneLighting":false,"audioPlay":false,"sceneViewState":{"m_AlwaysRefresh":false,"showFog":true,"showSkybox":false,"showFlares":true,"showImageEffects":true,"showParticleSystems":true,"showVisualEffectGraphs":true,"m_FxEnabled":true},"in2DMode":false,"pivot":{"x":-27.110000610351564,"y":-5.473933219909668,"z":-17.559999465942384},"rotation":{"x":-0.016142545267939569,"y":0.9803229570388794,"z":-0.17747457325458527,"w":-0.08830206841230393},"size":4.132056713104248,"orthographic":false}