{"cameraMode":{"drawMode":0,"name":"Shaded","section":"Shading Mode"},"sceneLighting":false,"audioPlay":false,"sceneViewState":{"m_AlwaysRefresh":false,"showFog":true,"showSkybox":false,"showFlares":true,"showImageEffects":true,"showParticleSystems":true,"showVisualEffectGraphs":true,"m_FxEnabled":true},"in2DMode":false,"pivot":{"x":-0.16575002670288087,"y":-0.5229495763778687,"z":0.4878222942352295},"rotation":{"x":-0.26891863346099856,"y":-0.19178961217403413,"z":0.05486137047410011,"w":-0.9423822164535523},"size":3.822749137878418,"orthographic":false}